<?xml version="1.0" encoding="UTF-8"?>
<beans xmlns="http://www.springframework.org/schema/beans"
	xmlns:xsi="http://www.w3.org/2001/XMLSchema-instance"
	xmlns:mvc="http://www.springframework.org/schema/mvc"
	xmlns:context="http://www.springframework.org/schema/context"
	xmlns:tx="http://www.springframework.org/schema/tx"
	xsi:schemaLocation="http://www.springframework.org/schema/mvc http://www.springframework.org/schema/mvc/spring-mvc-4.3.xsd
		http://www.springframework.org/schema/beans http://www.springframework.org/schema/beans/spring-beans.xsd
		http://www.springframework.org/schema/context http://www.springframework.org/schema/context/spring-context-4.3.xsd
		http://www.springframework.org/schema/tx http://www.springframework.org/schema/tx/spring-tx-4.3.xsd">



	<context:component-scan base-package="fr.quiz"></context:component-scan>
	<bean id="viewResolver"
		class="org.springframework.web.servlet.view.InternalResourceViewResolver">
		<property name="prefix" value="/jsp/"></property>
		<property name="suffix" value=".jsp"></property>
	</bean>


	<!--********************************************************** -->
	<!-- PERSITENCE -->
	<!-- ********************************************************** -->

	<bean id="dataSourceMySQL"
		class="org.springframework.jdbc.datasource.DriverManagerDataSource">
		<property name="driverClassName"
			value="com.mysql.jdbc.Driver"></property>
		<property name="username" value="root"></property>
		<property name="password" value=""></property>
		<property name="url" value="jdbc:mysql://localhost:3306/quizfinal"></property>
	</bean>

	<bean id="sessionFactory"
		class="org.springframework.orm.hibernate5.LocalSessionFactoryBean">
		<property name="dataSource" ref="dataSourceMySQL"></property>
		<property name="packagesToScan">
			<list>
				<value>fr.quiz.beans</value>
			</list>
		</property>
		<property name="hibernateProperties">
			<props>
				<prop key="hibernate.show_sql">true</prop>
				<prop key="hibernate.format_sql">true</prop>
				<prop key="hibernate.hbm2ddl.auto">update</prop>
				<prop key="hibernate.dialect">org.hibernate.dialect.MySQL5InnoDBDialect</prop>
			</props>
		</property>
	</bean>

	<bean id="transactionManager"
		class="org.springframework.orm.hibernate5.HibernateTransactionManager">
		<property name="sessionFactory" ref="sessionFactory"></property>
		<property name="autodetectDataSource" value="true"></property>
	</bean>
	
	<bean id="GenericDao" class="fr.quiz.DAO.GenericDAO">
	</bean>
	
	<bean id="userDao" class="fr.quiz.DAO.UserDAO">
	</bean>

	<tx:annotation-driven
		transaction-manager="transactionManager" />



	<!-- ********************************************************** -->




	<bean id="multipartResolver"
		class="org.springframework.web.multipart.commons.CommonsMultipartResolver">
		<property name="maxUploadSize" value="20971520"></property> <!--20971520= 20Mo -->
		<property name="maxInMemorySize" value="1048576"></property> <!--1048576= 1Mo -->
	</bean>



	<!-- ********************************* -->
	<!-- *****INTERCEPTORS**************** -->
	<!-- **********************************-->

	


















</beans>	